{
    "total_params": 7505973248,
    "pruned_params": 5824057344,
    "ratio": 22.407699154112414,
    "ppl_wikitext2": 12.37,
    "5cs_acc_avg": 57.599999999999994,
    "arc_challenge": 34.9,
    "arc_easy": 56.989999999999995,
    "hellaswag": 60.919999999999995,
    "winogrande": 64.72,
    "piqa": 70.46
}